﻿<?xml version="1.0" encoding="utf-8"?>
<node label="Application" className="mx.containers.Canvas" highlight="true" layoutMargins="0;0;0;0">
	<common creationComplete="" horizontalAlign="" verticalAlign=""/>
	<style styleName="" fontFamily="" fontSize="" fontWeight="" fontStyle="" textDecoration="" borderStyle="" borderThickness="" borderColor="" themeColor="" cornerRadius="" alpha="" backgroundGradientAlphas="" backgroundGradientColors=""/>
	<layout layout="absolute" width="" height=""/>
	<properties alpha="" defaultButton="" enabled="" horizontalScrollPolicy="" includeInLayout="" layout="" styleName="" verticalScrollPolicy="" visible="" addedEffect="" creationCompleteEffect="" focusInEffect="" focusOutEffect="" hideEffect="" mouseDownEffect="" mouseUpEffect="" moveEffect="" removedEffect="" resizeEffect="" rollOutEffect="" rollOverEffect="" showEffect="" backgroundAlpha="" backgroundAttachment="" backgroundColor="" backgroundDisabledColor="" backgroundGradientAlphas="" backgroundGradientColors="" backgroundImage="" backgroundSize="" barColor="" borderColor="" borderSides="" borderSkin="" borderStyle="" borderThickness="" color="" cornerRadius="" disabledColor="" disabledOverlayAlpha="" dropShadowColor="" dropShadowEnabled="" errorColor="" focusBlendMode="" focusSkin="" focusThickness="" fontAntiAliasType="" fontFamily="" fontGridFitType="" fontSharpness="" fontSize="" fontStyle="" fontThickness="" fontWeight="" horizontalAlign="" horizontalGap="" horizontalScrollBarStyleName="" kerning="" letterSpacing="" modalTransparency="" modalTransparencyBlur="" modalTransparencyColor="" modalTransparencyDuration="" paddingBottom="" paddingLeft="" paddingRight="" paddingTop="" shadowDirection="" shadowDistance="" textAlign="" textDecoration="" textIndent="" themeColor="" verticalAlign="" verticalGap="" verticalScrollBarStyleName="" accessibilityProperties="" autoLayout="" automationDelegate="" automationName="" blendMode="" buttonMode="" cacheAsBitmap="" cachePolicy="" clipContent="" constraintColumns="" constraintRows="" contextMenu="" controlBar="" creatingContentPane="" creationIndex="" creationPolicy="" currentState="" doubleClickEnabled="" errorString="" filters="" flexContextMenu="" focusEnabled="" focusRect="" frameRate="" historyManagementEnabled="" hitArea="" horizontalLineScrollSize="" horizontalPageScrollSize="" horizontalScrollBar="" horizontalScrollPosition="" mask="" mouseChildren="" mouseEnabled="" mouseFocusEnabled="" name="" opaqueBackground="" owner="" pageTitle="" preloader="" resetHistory="" rotation="" scale9Grid="" scriptRecursionLimit="" scriptTimeLimit="" scrollRect="" showInAutomationHierarchy="" soundTransform="" states="" tabChildren="" tabEnabled="" transform="" transitions="" uid="" useHandCursor="" usePreloader="" validationSubField="" verticalLineScrollSize="" verticalPageScrollSize="" verticalScrollBar="" verticalScrollPosition="" viewSourceURL=""/>
	<events activate="" add="" added="" addedToStage="" applicationComplete="" childAdd="" childIndexChange="" childRemove="" click="" creationComplete="" currentStateChange="" currentStateChanging="" dataChange="" deactivate="" doubleClick="" dragComplete="" dragDrop="" dragEnter="" dragExit="" dragOver="" dragStart="" effectEnd="" effectStart="" enterFrame="" enterState="" error="" exitState="" focusIn="" focusOut="" hide="" initialize="" invalid="" keyDown="" keyFocusChange="" keyUp="" mouseDown="" mouseDownOutside="" mouseFocusChange="" mouseMove="" mouseOut="" mouseOver="" mouseUp="" mouseWheel="" mouseWheelOutside="" move="" preinitialize="" remove="" removed="" removedFromStage="" render="" resize="" rollOut="" rollOver="" scroll="" show="" tabChildrenChange="" tabEnabledChange="" tabIndexChange="" toolTipCreate="" toolTipEnd="" toolTipHide="" toolTipShow="" toolTipShown="" toolTipStart="" updateComplete="" valid="" valueCommit=""/>
	<children/>
</node>
<node label="WindowedApplication" className="mx.containers.Canvas" highlight="true" layoutMargins="0;0;0;0">
	<common creationComplete="" horizontalAlign="" verticalAlign=""/>
	<style styleName="" fontFamily="" fontWeight="" fontStyle="" textDecoration="" color="" borderStyle="" borderThickness="" borderColor="" themeColor="" cornerRadius="" alpha="" backgroundGradientAlphas="" backgroundGradientColors=""/>
	<layout layout="absolute" width="" height=""/>
	<properties alpha="" defaultButton="" enabled="" horizontalScrollPolicy="" includeInLayout="" layout="" styleName="" verticalScrollPolicy="" addedEffect="" closeEffect="" creationCompleteEffect="" focusInEffect="" focusOutEffect="" hideEffect="" minimizeEffect="" mouseDownEffect="" mouseUpEffect="" removedEffect="" resizeEffect="" rollOutEffect="" rollOverEffect="" showEffect="" unminimizeEffect="" backgroundAlpha="" backgroundAttachment="" backgroundColor="" backgroundDisabledColor="" backgroundGradientAlphas="" backgroundGradientColors="" backgroundImage="" backgroundSize="" barColor="" borderColor="" borderSides="" borderSkin="" borderStyle="" borderThickness="" buttonAlignment="" buttonPadding="" closeButtonSkin="" color="" cornerRadius="" disabledColor="" disabledOverlayAlpha="" dropShadowColor="" dropShadowEnabled="" errorColor="" focusBlendMode="" focusSkin="" focusThickness="" fontAntiAliasType="" fontFamily="" fontGridFitType="" fontSharpness="" fontSize="" fontStyle="" fontThickness="" fontWeight="" gripperPadding="" gripperStyleName="" headerHeight="" horizontalAlign="" horizontalGap="" horizontalScrollBarStyleName="" kerning="" letterSpacing="" maximizeButtonSkin="" minimizeButtonSkin="" modalTransparency="" modalTransparencyBlur="" modalTransparencyColor="" modalTransparencyDuration="" paddingBottom="" paddingLeft="" paddingRight="" paddingTop="" restoreButtonSkin="" shadowDirection="" shadowDistance="" showFlexChrome="" statusBarBackgroundColor="" statusBarBackgroundSkin="" statusTextStyleName="" textAlign="" textDecoration="" textIndent="" themeColor="" titleAlignment="" titleBarBackgroundSkin="" titleBarButtonPadding="" titleBarColors="" titleTextStyleName="" verticalAlign="" verticalGap="" verticalScrollBarStyleName="" accessibilityProperties="" alwaysInFront="" autoExit="" autoLayout="" automationDelegate="" automationName="" blendMode="" buttonMode="" cacheAsBitmap="" cachePolicy="" clipContent="" constraintColumns="" constraintRows="" controlBar="" creatingContentPane="" creationIndex="" creationPolicy="" currentState="" dockIconMenu="" doubleClickEnabled="" errorString="" filters="" flexContextMenu="" focusEnabled="" focusRect="" frameRate="" historyManagementEnabled="" hitArea="" horizontalLineScrollSize="" horizontalPageScrollSize="" horizontalScrollBar="" horizontalScrollPosition="" mask="" maxHeight="" maxWidth="" menu="" minHeight="" minWidth="" mouseChildren="" mouseEnabled="" mouseFocusEnabled="" name="" opaqueBackground="" owner="" pageTitle="" preloader="" resetHistory="" rotation="" scale9Grid="" scriptRecursionLimit="" scriptTimeLimit="" scrollRect="" showGripper="" showInAutomationHierarchy="" showStatusBar="" showTitleBar="" soundTransform="" states="" status="" statusBarFactory="" systemTrayIconMenu="" tabChildren="" tabEnabled="" title="" titleBarFactory="" titleIcon="" transform="" transitions="" uid="" useHandCursor="" usePreloader="" validationSubField="" verticalLineScrollSize="" verticalPageScrollSize="" verticalScrollBar="" verticalScrollPosition="" viewSourceURL="" visible=""/>
	<events activate="" add="" added="" addedToStage="" applicationActivate="" applicationComplete="" applicationDeactivate="" childAdd="" childIndexChange="" childRemove="" click="" close="" closing="" contextMenu="" creationComplete="" currentStateChange="" currentStateChanging="" dataChange="" deactivate="" displayStateChange="" displayStateChanging="" doubleClick="" dragComplete="" dragDrop="" dragEnter="" dragExit="" dragOver="" dragStart="" effectEnd="" effectStart="" enterFrame="" enterState="" error="" exitState="" focusIn="" focusOut="" hide="" initialize="" invalid="" invoke="" keyDown="" keyFocusChange="" keyUp="" middleClick="" middleMouseDown="" middleMouseUp="" mouseDown="" mouseDownOutside="" mouseFocusChange="" mouseMove="" mouseOut="" mouseOver="" mouseUp="" mouseWheel="" mouseWheelOutside="" move="" moving="" nativeDragComplete="" nativeDragDrop="" nativeDragEnter="" nativeDragExit="" nativeDragOver="" nativeDragStart="" nativeDragUpdate="" networkChange="" preinitialize="" remove="" removed="" removedFromStage="" render="" resize="" resizing="" rightClick="" rightMouseDown="" rightMouseUp="" rollOut="" rollOver="" scroll="" show="" tabChildrenChange="" tabEnabledChange="" tabIndexChange="" toolTipCreate="" toolTipEnd="" toolTipHide="" toolTipShow="" toolTipShown="" toolTipStart="" updateComplete="" valid="" valueCommit="" windowActivate="" windowComplete="" windowDeactivate="" windowMove="" windowResize=""/>
	<children/>
</node>
<node label="Canvas" className="mx.containers.Canvas" highlight="true" icon="CanvasIcon" layoutMargins="0;0;0;0">
	<common id=""/>
	<style styleName="" fontFamily="" fontSize="" fontWeight="" fontStyle="" textDecoration="" borderStyle="" borderColor="" themeColor="" cornerRadius="" alpha="" backgroundColor="" backgroundAlpha=""/>
	<layout width="" height=""/>
	<properties alpha="" defaultButton="" enabled="" horizontalScrollPolicy="" icon="" id="" includeInLayout="" label="" styleName="" toolTip="" verticalScrollPolicy="" visible="" addedEffect="" creationCompleteEffect="" hideEffect="" mouseDownEffect="" mouseUpEffect="" moveEffect="" removedEffect="" resizeEffect="" rollOutEffect="" rollOverEffect="" showEffect="" backgroundAlpha="" backgroundAttachment="" backgroundColor="" backgroundDisabledColor="" backgroundImage="" backgroundSize="" barColor="" borderColor="" borderSides="" borderSkin="" borderStyle="" borderThickness="" color="" cornerRadius="" disabledColor="" disabledOverlayAlpha="" dropShadowColor="" dropShadowEnabled="" errorColor="" fontAntiAliasType="" fontFamily="" fontGridFitType="" fontSharpness="" fontSize="" fontStyle="" fontThickness="" fontWeight="" horizontalScrollBarStyleName="" kerning="" letterSpacing="" shadowDirection="" shadowDistance="" textAlign="" textDecoration="" textIndent="" themeColor="" verticalScrollBarStyleName="" accessibilityProperties="" autoLayout="" automationDelegate="" automationName="" blendMode="" buttonMode="" cacheAsBitmap="" cachePolicy="" clipContent="" constraintColumns="" constraintRows="" contextMenu="" creatingContentPane="" creationIndex="" creationPolicy="" currentState="" doubleClickEnabled="" errorString="" filters="" flexContextMenu="" focusEnabled="" focusRect="" hitArea="" horizontalLineScrollSize="" horizontalPageScrollSize="" horizontalScrollBar="" horizontalScrollPosition="" mask="" mouseChildren="" mouseEnabled="" mouseFocusEnabled="" name="" opaqueBackground="" owner="" rotation="" scale9Grid="" scrollRect="" showInAutomationHierarchy="" soundTransform="" states="" tabChildren="" tabEnabled="" tabIndex="" transform="" transitions="" uid="" useHandCursor="" validationSubField="" verticalLineScrollSize="" verticalPageScrollSize="" verticalScrollBar="" verticalScrollPosition=""/>
	<events activate="" add="" added="" addedToStage="" childAdd="" childIndexChange="" childRemove="" click="" creationComplete="" currentStateChange="" currentStateChanging="" dataChange="" deactivate="" doubleClick="" dragComplete="" dragDrop="" dragEnter="" dragExit="" dragOver="" dragStart="" effectEnd="" effectStart="" enterFrame="" enterState="" exitState="" hide="" initialize="" invalid="" keyDown="" keyFocusChange="" keyUp="" mouseDown="" mouseDownOutside="" mouseFocusChange="" mouseMove="" mouseOut="" mouseOver="" mouseUp="" mouseWheel="" mouseWheelOutside="" move="" preinitialize="" remove="" removed="" removedFromStage="" render="" resize="" rollOut="" rollOver="" scroll="" show="" tabChildrenChange="" tabEnabledChange="" tabIndexChange="" toolTipCreate="" toolTipEnd="" toolTipHide="" toolTipShow="" toolTipShown="" toolTipStart="" updateComplete="" valid="" valueCommit=""/>
	<children/>
</node>
<node label="Form" className="mx.containers.Form" highlight="true" icon="FormIcon" layoutMargins="0;0;0;0">
	<common id=""/>
	<style styleName="" fontFamily="" fontSize="" fontWeight="" fontStyle="" textDecoration="" borderStyle="" borderColor="" borderThickness="" themeColor="" cornerRadius="" alpha="" backgroundColor="" backgroundAlpha=""/>
	<layout width="" height=""/>
	<properties alpha="" defaultButton="" enabled="" horizontalScrollPolicy="" icon="" id="" includeInLayout="" label="" styleName="" toolTip="" verticalScrollPolicy="" visible="" addedEffect="" creationCompleteEffect="" hideEffect="" mouseDownEffect="" mouseUpEffect="" moveEffect="" removedEffect="" resizeEffect="" rollOutEffect="" rollOverEffect="" showEffect="" backgroundAlpha="" backgroundAttachment="" backgroundColor="" backgroundDisabledColor="" backgroundImage="" backgroundSize="" barColor="" borderColor="" borderSides="" borderSkin="" borderStyle="" borderThickness="" color="" cornerRadius="" disabledColor="" disabledOverlayAlpha="" dropShadowColor="" dropShadowEnabled="" errorColor="" fontAntiAliasType="" fontFamily="" fontGridFitType="" fontSharpness="" fontSize="" fontStyle="" fontThickness="" fontWeight="" horizontalGap="" horizontalScrollBarStyleName="" indicatorGap="" kerning="" labelWidth="" letterSpacing="" paddingBottom="" paddingLeft="" paddingRight="" paddingTop="" shadowDirection="" shadowDistance="" textAlign="" textDecoration="" textIndent="" themeColor="" verticalGap="" verticalScrollBarStyleName="" accessibilityProperties="" autoLayout="" automationDelegate="" automationName="" blendMode="" buttonMode="" cacheAsBitmap="" cachePolicy="" clipContent="" contextMenu="" creatingContentPane="" creationIndex="" creationPolicy="" currentState="" doubleClickEnabled="" errorString="" filters="" flexContextMenu="" focusEnabled="" focusRect="" hitArea="" horizontalLineScrollSize="" horizontalPageScrollSize="" horizontalScrollBar="" horizontalScrollPosition="" mask="" mouseChildren="" mouseEnabled="" mouseFocusEnabled="" name="" opaqueBackground="" owner="" rotation="" scale9Grid="" scrollRect="" showInAutomationHierarchy="" soundTransform="" states="" tabChildren="" tabEnabled="" tabIndex="" transform="" transitions="" uid="" useHandCursor="" validationSubField="" verticalLineScrollSize="" verticalPageScrollSize="" verticalScrollBar="" verticalScrollPosition=""/>
	<events activate="" add="" added="" addedToStage="" childAdd="" childIndexChange="" childRemove="" click="" creationComplete="" currentStateChange="" currentStateChanging="" dataChange="" deactivate="" doubleClick="" dragComplete="" dragDrop="" dragEnter="" dragExit="" dragOver="" dragStart="" effectEnd="" effectStart="" enterFrame="" enterState="" exitState="" hide="" initialize="" invalid="" keyDown="" keyFocusChange="" keyUp="" mouseDown="" mouseDownOutside="" mouseFocusChange="" mouseMove="" mouseOut="" mouseOver="" mouseUp="" mouseWheel="" mouseWheelOutside="" move="" preinitialize="" remove="" removed="" removedFromStage="" render="" resize="" rollOut="" rollOver="" scroll="" show="" tabChildrenChange="" tabEnabledChange="" tabIndexChange="" toolTipCreate="" toolTipEnd="" toolTipHide="" toolTipShow="" toolTipShown="" toolTipStart="" updateComplete="" valid="" valueCommit=""/>
	<children/>
</node>
<node label="Panel" className="mx.containers.Panel" highlight="false" icon="PanelIcon" layoutMargins="10;10;30;10">
	<common id="" title="" horizontalAlign="" verticalAlign=""/>
	<style layout="absolute" styleName="" fontFamily="" fontSize="" fontWeight="" fontStyle="" textDecoration="" color="" borderStyle="" borderThickness="" borderColor="" themeColor="" cornerRadius="" alpha="" backgroundColor="" backgroundAlpha=""/>
	<layout width="" height=""/>
	<properties layout="" alpha="" defaultButton="" enabled="" horizontalScrollPolicy="" icon="" id="" includeInLayout="" label="" status="" styleName="" title="" titleIcon="" toolTip="" verticalScrollPolicy="" visible="" addedEffect="" creationCompleteEffect="" hideEffect="" mouseDownEffect="" mouseUpEffect="" moveEffect="" removedEffect="" resizeEffect="" resizeEndEffect="" resizeStartEffect="" rollOutEffect="" rollOverEffect="" showEffect="" backgroundAlpha="" backgroundAttachment="" backgroundColor="" backgroundDisabledColor="" backgroundImage="" backgroundSize="" barColor="" borderAlpha="" borderColor="" borderSides="" borderSkin="" borderStyle="" borderThickness="" borderThicknessBottom="" borderThicknessLeft="" borderThicknessRight="" borderThicknessTop="" color="" controlBarStyleName="" cornerRadius="" disabledColor="" disabledOverlayAlpha="" dropShadowColor="" dropShadowEnabled="" errorColor="" fontAntiAliasType="" fontFamily="" fontGridFitType="" fontSharpness="" fontSize="" fontStyle="" fontThickness="" fontWeight="" footerColors="" headerColors="" headerHeight="" highlightAlphas="" horizontalAlign="" horizontalGap="" horizontalScrollBarStyleName="" kerning="" letterSpacing="" modalTransparency="" modalTransparencyBlur="" modalTransparencyColor="" modalTransparencyDuration="" paddingBottom="" paddingLeft="" paddingRight="" paddingTop="" roundedBottomCorners="" shadowDirection="" shadowDistance="" statusStyleName="" textAlign="" textDecoration="" textIndent="" themeColor="" titleBackgroundSkin="" titleStyleName="" verticalAlign="" verticalGap="" verticalScrollBarStyleName="" accessibilityProperties="" autoLayout="" automationDelegate="" automationName="" blendMode="" buttonMode="" cacheAsBitmap="" cachePolicy="" clipContent="" constraintColumns="" constraintRows="" contextMenu="" creatingContentPane="" creationIndex="" creationPolicy="" currentState="" doubleClickEnabled="" errorString="" filters="" flexContextMenu="" focusEnabled="" focusRect="" fontContext="" hitArea="" horizontalLineScrollSize="" horizontalPageScrollSize="" horizontalScrollBar="" horizontalScrollPosition="" mask="" mouseChildren="" mouseEnabled="" mouseFocusEnabled="" name="" opaqueBackground="" owner="" rotation="" scale9Grid="" scrollRect="" showInAutomationHierarchy="" soundTransform="" states="" tabChildren="" tabEnabled="" tabIndex="" transform="" transitions="" uid="" useHandCursor="" validationSubField="" verticalLineScrollSize="" verticalPageScrollSize="" verticalScrollBar="" verticalScrollPosition=""/>
	<events activate="" add="" added="" addedToStage="" childAdd="" childIndexChange="" childRemove="" click="" creationComplete="" currentStateChange="" currentStateChanging="" dataChange="" deactivate="" doubleClick="" dragComplete="" dragDrop="" dragEnter="" dragExit="" dragOver="" dragStart="" effectEnd="" effectStart="" enterFrame="" enterState="" exitState="" hide="" initialize="" invalid="" keyDown="" keyFocusChange="" keyUp="" mouseDown="" mouseDownOutside="" mouseFocusChange="" mouseMove="" mouseOut="" mouseOver="" mouseUp="" mouseWheel="" mouseWheelOutside="" move="" preinitialize="" remove="" removed="" removedFromStage="" render="" resize="" rollOut="" rollOver="" scroll="" show="" tabChildrenChange="" tabEnabledChange="" tabIndexChange="" toolTipCreate="" toolTipEnd="" toolTipHide="" toolTipShow="" toolTipShown="" toolTipStart="" updateComplete="" valid="" valueCommit=""/>
	<children/>
</node>
<node label="TitleWindow" className="mx.containers.TitleWindow" highlight="false" icon="TitleWindowIcon" layoutMargins="10;10;30;10">
	<common id="" title="" horizontalAlign="" verticalAlign="" showCloseButton=""/>
	<style styleName="" fontFamily="" fontSize="" fontWeight="" fontStyle="" textDecoration="" borderStyle="" borderThickness="" borderColor="" themeColor="" cornerRadius="" alpha="" backgroundColor="" backgroundAlpha=""/>
	<layout layout="absolute" width="" height=""/>
	<properties alpha="" defaultButton="" enabled="" horizontalScrollPolicy="" icon="" id="" includeInLayout="" label="" showCloseButton="" status="" styleName="" title="" titleIcon="" toolTip="" verticalScrollPolicy="" visible="" addedEffect="" creationCompleteEffect="" hideEffect="" mouseDownEffect="" mouseUpEffect="" moveEffect="" removedEffect="" resizeEffect="" resizeEndEffect="" resizeStartEffect="" rollOutEffect="" rollOverEffect="" showEffect="" backgroundAlpha="" backgroundAttachment="" backgroundColor="" backgroundDisabledColor="" backgroundImage="" backgroundSize="" barColor="" borderAlpha="" borderColor="" borderSides="" borderSkin="" borderStyle="" borderThickness="" borderThicknessBottom="" borderThicknessLeft="" borderThicknessRight="" borderThicknessTop="" closeButtonDisabledSkin="" closeButtonDownSkin="" closeButtonOverSkin="" closeButtonSkin="" closeButtonUpSkin="" color="" controlBarStyleName="" cornerRadius="" disabledColor="" disabledOverlayAlpha="" dropShadowColor="" dropShadowEnabled="" errorColor="" fontAntiAliasType="" fontFamily="" fontGridFitType="" fontSharpness="" fontSize="" fontStyle="" fontThickness="" fontWeight="" footerColors="" headerColors="" headerHeight="" highlightAlphas="" horizontalAlign="" horizontalGap="" horizontalScrollBarStyleName="" kerning="" letterSpacing="" modalTransparency="" modalTransparencyBlur="" modalTransparencyColor="" modalTransparencyDuration="" paddingBottom="" paddingLeft="" paddingRight="" paddingTop="" roundedBottomCorners="" shadowDirection="" shadowDistance="" statusStyleName="" textAlign="" textDecoration="" textIndent="" themeColor="" titleBackgroundSkin="" titleStyleName="" verticalAlign="" verticalGap="" verticalScrollBarStyleName="" accessibilityProperties="" autoLayout="" automationDelegate="" automationName="" blendMode="" buttonMode="" cacheAsBitmap="" cachePolicy="" clipContent="" constraintColumns="" constraintRows="" contextMenu="" creatingContentPane="" creationIndex="" creationPolicy="" currentState="" doubleClickEnabled="" errorString="" filters="" flexContextMenu="" focusEnabled="" focusRect="" fontContext="" hitArea="" horizontalLineScrollSize="" horizontalPageScrollSize="" horizontalScrollBar="" horizontalScrollPosition="" mask="" mouseChildren="" mouseEnabled="" mouseFocusEnabled="" name="" opaqueBackground="" owner="" rotation="" scale9Grid="" scrollRect="" showInAutomationHierarchy="" soundTransform="" states="" tabChildren="" tabEnabled="" tabIndex="" transform="" transitions="" uid="" useHandCursor="" validationSubField="" verticalLineScrollSize="" verticalPageScrollSize="" verticalScrollBar="" verticalScrollPosition=""/>
	<events activate="" add="" added="" addedToStage="" childAdd="" childIndexChange="" childRemove="" click="" close="" creationComplete="" currentStateChange="" currentStateChanging="" dataChange="" deactivate="" doubleClick="" dragComplete="" dragDrop="" dragEnter="" dragExit="" dragOver="" dragStart="" effectEnd="" effectStart="" enterFrame="" enterState="" exitState="" hide="" initialize="" invalid="" keyDown="" keyFocusChange="" keyUp="" mouseDown="" mouseDownOutside="" mouseFocusChange="" mouseMove="" mouseOut="" mouseOver="" mouseUp="" mouseWheel="" mouseWheelOutside="" move="" preinitialize="" remove="" removed="" removedFromStage="" render="" resize="" rollOut="" rollOver="" scroll="" show="" tabChildrenChange="" tabEnabledChange="" tabIndexChange="" toolTipCreate="" toolTipEnd="" toolTipHide="" toolTipShow="" toolTipShown="" toolTipStart="" updateComplete="" valid="" valueCommit=""/>
	<children/>
</node>